"","Country.Region","Province.State","Confirmed","Recovered","Deaths","Date"
"1","United Kingdom","Anguilla",2,0,0,2020-03-29
"2","United Kingdom","Bermuda",22,2,0,2020-03-29
"3","United Kingdom","British Virgin Islands",2,0,0,2020-03-29
"4","United Kingdom","Cayman Islands",8,0,1,2020-03-29
"5","United Kingdom","Channel Islands",108,0,2,2020-03-29
"6","United Kingdom","Gibraltar",65,14,0,2020-03-29
"7","United Kingdom","Isle of Man",42,0,0,2020-03-29
"8","United Kingdom","Montserrat",5,0,0,2020-03-29
"9","United Kingdom","Turks and Caicos Islands",4,0,0,2020-03-29
"10","United Kingdom","",19522,135,1228,2020-03-29
"11","United Kingdom","Anguilla",2,0,0,2020-03-30
"12","United Kingdom","Bermuda",27,2,0,2020-03-30
"13","United Kingdom","British Virgin Islands",2,0,0,2020-03-30
"14","United Kingdom","Cayman Islands",12,0,1,2020-03-30
"15","United Kingdom","Channel Islands",141,0,2,2020-03-30
"16","United Kingdom","Gibraltar",69,34,0,2020-03-30
"17","United Kingdom","Isle of Man",49,0,0,2020-03-30
"18","United Kingdom","Montserrat",5,0,0,2020-03-30
"19","United Kingdom","Turks and Caicos Islands",5,0,0,2020-03-30
"20","United Kingdom","",22141,135,1408,2020-03-30
"21","United Kingdom","Anguilla",2,0,0,2020-03-31
"22","United Kingdom","Bermuda",32,10,0,2020-03-31
"23","United Kingdom","British Virgin Islands",3,0,0,2020-03-31
"24","United Kingdom","Cayman Islands",14,0,1,2020-03-31
"25","United Kingdom","Channel Islands",141,0,3,2020-03-31
"26","United Kingdom","Gibraltar",69,34,0,2020-03-31
"27","United Kingdom","Isle of Man",60,0,0,2020-03-31
"28","United Kingdom","Montserrat",5,0,0,2020-03-31
"29","United Kingdom","Turks and Caicos Islands",5,0,0,2020-03-31
"30","United Kingdom","",25150,135,1789,2020-03-31
"31","United Kingdom","Anguilla",2,0,0,2020-04-01
"32","United Kingdom","Bermuda",32,10,0,2020-04-01
"33","United Kingdom","British Virgin Islands",3,0,0,2020-04-01
"34","United Kingdom","Cayman Islands",22,0,1,2020-04-01
"35","United Kingdom","Channel Islands",172,0,3,2020-04-01
"36","United Kingdom","Gibraltar",81,34,0,2020-04-01
"37","United Kingdom","Isle of Man",68,0,1,2020-04-01
"38","United Kingdom","Montserrat",5,0,0,2020-04-01
"39","United Kingdom","Turks and Caicos Islands",6,0,0,2020-04-01
"40","United Kingdom","",29474,135,2352,2020-04-01
"41","United Kingdom","Anguilla",3,0,0,2020-04-02
"42","United Kingdom","Bermuda",35,11,0,2020-04-02
"43","United Kingdom","British Virgin Islands",3,0,0,2020-04-02
"44","United Kingdom","Cayman Islands",28,0,1,2020-04-02
"45","United Kingdom","Channel Islands",193,0,3,2020-04-02
"46","United Kingdom","Gibraltar",88,46,0,2020-04-02
"47","United Kingdom","Isle of Man",95,0,1,2020-04-02
"48","United Kingdom","Montserrat",5,0,0,2020-04-02
"49","United Kingdom","Turks and Caicos Islands",5,0,0,2020-04-02
"50","United Kingdom","",33718,135,2921,2020-04-02
"51","United Kingdom","Anguilla",3,0,0,2020-04-03
"52","United Kingdom","Bermuda",35,14,0,2020-04-03
"53","United Kingdom","British Virgin Islands",3,0,0,2020-04-03
"54","United Kingdom","Cayman Islands",28,0,1,2020-04-03
"55","United Kingdom","Channel Islands",232,13,4,2020-04-03
"56","United Kingdom","Gibraltar",95,46,0,2020-04-03
"57","United Kingdom","Isle of Man",114,0,1,2020-04-03
"58","United Kingdom","Montserrat",6,0,0,2020-04-03
"59","United Kingdom","Turks and Caicos Islands",5,0,0,2020-04-03
"60","United Kingdom","",38168,135,3605,2020-04-03
"61","United Kingdom","Anguilla",3,0,0,2020-04-04
"62","United Kingdom","Bermuda",35,14,0,2020-04-04
"63","United Kingdom","British Virgin Islands",3,0,0,2020-04-04
"64","United Kingdom","Cayman Islands",35,1,1,2020-04-04
"65","United Kingdom","Channel Islands",262,13,5,2020-04-04
"66","United Kingdom","Falkland Islands (Islas Malvinas)",1,0,0,2020-04-04
"67","United Kingdom","Gibraltar",98,52,0,2020-04-04
"68","United Kingdom","Isle of Man",126,0,1,2020-04-04
"69","United Kingdom","Montserrat",6,0,0,2020-04-04
"70","United Kingdom","Turks and Caicos Islands",5,0,0,2020-04-04
"71","United Kingdom","",41903,135,4313,2020-04-04
"72","United Kingdom","Anguilla",3,0,0,2020-04-05
"73","United Kingdom","Bermuda",37,14,0,2020-04-05
"74","United Kingdom","British Virgin Islands",3,0,0,2020-04-05
"75","United Kingdom","Cayman Islands",35,1,1,2020-04-05
"76","United Kingdom","Channel Islands",309,27,6,2020-04-05
"77","United Kingdom","Falkland Islands (Islas Malvinas)",2,0,0,2020-04-05
"78","United Kingdom","Gibraltar",103,52,0,2020-04-05
"79","United Kingdom","Isle of Man",127,0,1,2020-04-05
"80","United Kingdom","Montserrat",6,0,0,2020-04-05
"81","United Kingdom","Turks and Caicos Islands",5,0,1,2020-04-05
"82","United Kingdom","",47806,135,4934,2020-04-05
"83","United Kingdom","Anguilla",3,0,0,2020-04-06
"84","United Kingdom","Bermuda",39,17,2,2020-04-06
"85","United Kingdom","British Virgin Islands",3,0,0,2020-04-06
"86","United Kingdom","Cayman Islands",39,1,1,2020-04-06
"87","United Kingdom","Channel Islands",323,27,7,2020-04-06
"88","United Kingdom","Falkland Islands (Islas Malvinas)",2,0,0,2020-04-06
"89","United Kingdom","Gibraltar",109,52,0,2020-04-06
"90","United Kingdom","Isle of Man",139,55,1,2020-04-06
"91","United Kingdom","Montserrat",6,0,0,2020-04-06
"92","United Kingdom","Turks and Caicos Islands",8,0,1,2020-04-06
"93","United Kingdom","",51608,135,5373,2020-04-06
"94","United Kingdom","Anguilla",3,0,0,2020-04-07
"95","United Kingdom","Bermuda",39,17,2,2020-04-07
"96","United Kingdom","British Virgin Islands",3,0,0,2020-04-07
"97","United Kingdom","Cayman Islands",45,6,1,2020-04-07
"98","United Kingdom","Channel Islands",335,34,7,2020-04-07
"99","United Kingdom","Falkland Islands (Malvinas)",2,0,0,2020-04-07
"100","United Kingdom","Gibraltar",113,60,0,2020-04-07
"101","United Kingdom","Isle of Man",150,73,1,2020-04-07
"102","United Kingdom","Montserrat",9,0,0,2020-04-07
"103","United Kingdom","Turks and Caicos Islands",8,0,1,2020-04-07
"104","United Kingdom","",55242,135,6159,2020-04-07
"105","United Kingdom","Anguilla",3,0,0,2020-04-08
"106","United Kingdom","Bermuda",39,23,3,2020-04-08
"107","United Kingdom","British Virgin Islands",3,0,0,2020-04-08
"108","United Kingdom","Cayman Islands",45,6,1,2020-04-08
"109","United Kingdom","Channel Islands",351,38,8,2020-04-08
"110","United Kingdom","Falkland Islands (Malvinas)",5,1,0,2020-04-08
"111","United Kingdom","Gibraltar",120,60,0,2020-04-08
"112","United Kingdom","Isle of Man",158,82,1,2020-04-08
"113","United Kingdom","Montserrat",9,0,0,2020-04-08
"114","United Kingdom","Turks and Caicos Islands",8,0,1,2020-04-08
"115","United Kingdom","",60733,135,7097,2020-04-08
"116","United Kingdom","Anguilla",3,0,0,2020-04-09
"117","United Kingdom","Bermuda",48,25,4,2020-04-09
"118","United Kingdom","British Virgin Islands",3,0,0,2020-04-09
"119","United Kingdom","Cayman Islands",45,6,1,2020-04-09
"120","United Kingdom","Channel Islands",361,40,8,2020-04-09
"121","United Kingdom","Falkland Islands (Malvinas)",5,1,0,2020-04-09
"122","United Kingdom","Gibraltar",123,60,0,2020-04-09
"123","United Kingdom","Isle of Man",190,92,1,2020-04-09
"124","United Kingdom","Montserrat",9,0,0,2020-04-09
"125","United Kingdom","Turks and Caicos Islands",8,0,1,2020-04-09
"126","United Kingdom","",65077,135,7978,2020-04-09
"127","United Kingdom","Anguilla",3,0,0,2020-04-10
"128","United Kingdom","Bermuda",48,25,4,2020-04-10
"129","United Kingdom","British Virgin Islands",3,0,0,2020-04-10
"130","United Kingdom","Cayman Islands",45,6,1,2020-04-10
"131","United Kingdom","Channel Islands",398,40,9,2020-04-10
"132","United Kingdom","Falkland Islands (Malvinas)",5,1,0,2020-04-10
"133","United Kingdom","Gibraltar",127,69,0,2020-04-10
"134","United Kingdom","Isle of Man",201,103,1,2020-04-10
"135","United Kingdom","Montserrat",9,0,0,2020-04-10
"136","United Kingdom","Turks and Caicos Islands",8,0,1,2020-04-10
"137","United Kingdom","",73758,344,8958,2020-04-10
"138","United Kingdom","Anguilla",3,0,0,2020-04-11
"139","United Kingdom","Bermuda",48,25,4,2020-04-11
"140","United Kingdom","British Virgin Islands",3,2,0,2020-04-11
"141","United Kingdom","Cayman Islands",45,6,1,2020-04-11
"142","United Kingdom","Channel Islands",407,48,9,2020-04-11
"143","United Kingdom","Falkland Islands (Malvinas)",5,1,0,2020-04-11
"144","United Kingdom","Gibraltar",129,84,0,2020-04-11
"145","United Kingdom","Isle of Man",226,112,2,2020-04-11
"146","United Kingdom","Montserrat",9,0,0,2020-04-11
"147","United Kingdom","Turks and Caicos Islands",8,0,1,2020-04-11
"148","United Kingdom","",78991,344,9875,2020-04-11
"149","United Kingdom","Anguilla",3,0,0,2020-04-12
"150","United Kingdom","Bermuda",57,29,4,2020-04-12
"151","United Kingdom","British Virgin Islands",3,2,0,2020-04-12
"152","United Kingdom","Cayman Islands",53,6,1,2020-04-12
"153","United Kingdom","Channel Islands",431,48,9,2020-04-12
"154","United Kingdom","Falkland Islands (Malvinas)",5,1,0,2020-04-12
"155","United Kingdom","Gibraltar",129,84,0,2020-04-12
"156","United Kingdom","Isle of Man",228,112,2,2020-04-12
"157","United Kingdom","Montserrat",9,0,0,2020-04-12
"158","United Kingdom","Turks and Caicos Islands",9,0,1,2020-04-12
"159","United Kingdom","",84279,344,10612,2020-04-12
"160","United Kingdom","Anguilla",3,1,0,2020-04-13
"161","United Kingdom","Bermuda",57,30,5,2020-04-13
"162","United Kingdom","British Virgin Islands",3,2,0,2020-04-13
"163","United Kingdom","Cayman Islands",53,6,1,2020-04-13
"164","United Kingdom","Channel Islands",436,48,9,2020-04-13
"165","United Kingdom","Falkland Islands (Malvinas)",5,1,0,2020-04-13
"166","United Kingdom","Gibraltar",129,84,0,2020-04-13
"167","United Kingdom","Isle of Man",242,131,2,2020-04-13
"168","United Kingdom","Montserrat",11,1,0,2020-04-13
"169","United Kingdom","Turks and Caicos Islands",10,0,1,2020-04-13
"170","United Kingdom","",88621,0,11329,2020-04-13
"171","United Kingdom","Anguilla",3,1,0,2020-04-14
"172","United Kingdom","Bermuda",57,30,5,2020-04-14
"173","United Kingdom","British Virgin Islands",3,2,0,2020-04-14
"174","United Kingdom","Cayman Islands",54,6,1,2020-04-14
"175","United Kingdom","Channel Islands",440,48,13,2020-04-14
"176","United Kingdom","Falkland Islands (Malvinas)",11,1,0,2020-04-14
"177","United Kingdom","Gibraltar",129,93,0,2020-04-14
"178","United Kingdom","Isle of Man",254,141,2,2020-04-14
"179","United Kingdom","Montserrat",11,1,0,2020-04-14
"180","United Kingdom","Turks and Caicos Islands",10,0,1,2020-04-14
"181","United Kingdom","",93873,0,12107,2020-04-14
"182","United Kingdom","Anguilla",3,1,0,2020-04-15
"183","United Kingdom","Bermuda",81,33,5,2020-04-15
"184","United Kingdom","British Virgin Islands",3,2,0,2020-04-15
"185","United Kingdom","Cayman Islands",54,6,1,2020-04-15
"186","United Kingdom","Channel Islands",447,69,15,2020-04-15
"187","United Kingdom","Falkland Islands (Malvinas)",11,1,0,2020-04-15
"188","United Kingdom","Gibraltar",131,104,0,2020-04-15
"189","United Kingdom","Isle of Man",256,151,4,2020-04-15
"190","United Kingdom","Montserrat",11,1,0,2020-04-15
"191","United Kingdom","Turks and Caicos Islands",10,0,1,2020-04-15
"192","United Kingdom","",98476,0,12868,2020-04-15
"193","United Kingdom","Anguilla",3,1,0,2020-04-16
"194","United Kingdom","Bermuda",81,33,5,2020-04-16
"195","United Kingdom","British Virgin Islands",3,2,0,2020-04-16
"196","United Kingdom","Cayman Islands",60,6,1,2020-04-16
"197","United Kingdom","Channel Islands",457,73,19,2020-04-16
"198","United Kingdom","Falkland Islands (Malvinas)",11,1,0,2020-04-16
"199","United Kingdom","Gibraltar",131,104,0,2020-04-16
"200","United Kingdom","Isle of Man",284,154,4,2020-04-16
"201","United Kingdom","Montserrat",11,1,0,2020-04-16
"202","United Kingdom","Turks and Caicos Islands",11,0,1,2020-04-16
"203","United Kingdom","",103093,0,13729,2020-04-16
"204","United Kingdom","Anguilla",3,1,0,2020-04-17
"205","United Kingdom","Bermuda",83,35,5,2020-04-17
"206","United Kingdom","British Virgin Islands",4,2,0,2020-04-17
"207","United Kingdom","Cayman Islands",61,7,1,2020-04-17
"208","United Kingdom","Channel Islands",470,73,20,2020-04-17
"209","United Kingdom","Falkland Islands (Malvinas)",11,1,0,2020-04-17
"210","United Kingdom","Gibraltar",132,105,0,2020-04-17
"211","United Kingdom","Isle of Man",291,169,4,2020-04-17
"212","United Kingdom","Montserrat",11,1,0,2020-04-17
"213","United Kingdom","Turks and Caicos Islands",11,0,1,2020-04-17
"214","United Kingdom","",108692,0,14576,2020-04-17
"215","United Kingdom","Anguilla",3,1,0,2020-04-18
"216","United Kingdom","Bermuda",83,35,5,2020-04-18
"217","United Kingdom","British Virgin Islands",4,2,0,2020-04-18
"218","United Kingdom","Cayman Islands",61,7,1,2020-04-18
"219","United Kingdom","Channel Islands",484,73,21,2020-04-18
"220","United Kingdom","Falkland Islands (Malvinas)",11,3,0,2020-04-18
"221","United Kingdom","Gibraltar",132,111,0,2020-04-18
"222","United Kingdom","Isle of Man",297,180,6,2020-04-18
"223","United Kingdom","Montserrat",11,2,0,2020-04-18
"224","United Kingdom","Turks and Caicos Islands",11,0,1,2020-04-18
"225","United Kingdom","",114217,0,15464,2020-04-18
"226","United Kingdom","Anguilla",3,1,0,2020-04-19
"227","United Kingdom","Bermuda",86,35,5,2020-04-19
"228","United Kingdom","British Virgin Islands",4,2,1,2020-04-19
"229","United Kingdom","Cayman Islands",61,7,1,2020-04-19
"230","United Kingdom","Channel Islands",488,73,21,2020-04-19
"231","United Kingdom","Falkland Islands (Malvinas)",11,3,0,2020-04-19
"232","United Kingdom","Gibraltar",132,120,0,2020-04-19
"233","United Kingdom","Isle of Man",298,193,6,2020-04-19
"234","United Kingdom","Montserrat",11,2,0,2020-04-19
"235","United Kingdom","Turks and Caicos Islands",11,0,1,2020-04-19
"236","United Kingdom","",120067,0,16060,2020-04-19
"237","United Kingdom","Anguilla",3,1,0,2020-04-20
"238","United Kingdom","Bermuda",86,37,5,2020-04-20
"239","United Kingdom","British Virgin Islands",5,3,1,2020-04-20
"240","United Kingdom","Cayman Islands",66,7,1,2020-04-20
"241","United Kingdom","Channel Islands",488,73,24,2020-04-20
"242","United Kingdom","Falkland Islands (Malvinas)",11,3,0,2020-04-20
"243","United Kingdom","Gibraltar",132,120,0,2020-04-20
"244","United Kingdom","Isle of Man",300,200,9,2020-04-20
"245","United Kingdom","Montserrat",11,2,0,2020-04-20
"246","United Kingdom","Turks and Caicos Islands",11,0,1,2020-04-20
"247","United Kingdom","",124743,0,16509,2020-04-20
"248","United Kingdom","Anguilla",3,1,0,2020-04-21
"249","United Kingdom","Bermuda",86,37,5,2020-04-21
"250","United Kingdom","British Virgin Islands",5,3,1,2020-04-21
"251","United Kingdom","Cayman Islands",66,7,1,2020-04-21
"252","United Kingdom","Channel Islands",496,256,24,2020-04-21
"253","United Kingdom","Falkland Islands (Malvinas)",11,3,0,2020-04-21
"254","United Kingdom","Gibraltar",132,120,0,2020-04-21
"255","United Kingdom","Isle of Man",307,209,9,2020-04-21
"256","United Kingdom","Montserrat",11,2,0,2020-04-21
"257","United Kingdom","Turks and Caicos Islands",11,0,1,2020-04-21
"258","United Kingdom","",129044,0,17337,2020-04-21
"259","United Kingdom","Anguilla",3,1,0,2020-04-22
"260","United Kingdom","Bermuda",99,39,5,2020-04-22
"261","United Kingdom","British Virgin Islands",5,3,1,2020-04-22
"262","United Kingdom","Cayman Islands",66,7,1,2020-04-22
"263","United Kingdom","Channel Islands",498,285,28,2020-04-22
"264","United Kingdom","Falkland Islands (Malvinas)",11,3,0,2020-04-22
"265","United Kingdom","Gibraltar",132,127,0,2020-04-22
"266","United Kingdom","Isle of Man",307,212,15,2020-04-22
"267","United Kingdom","Montserrat",11,2,0,2020-04-22
"268","United Kingdom","Turks and Caicos Islands",11,4,1,2020-04-22
"269","United Kingdom","",133495,0,18100,2020-04-22
"270","United Kingdom","Anguilla",3,1,0,2020-04-23
"271","United Kingdom","Bermuda",99,39,5,2020-04-23
"272","United Kingdom","British Virgin Islands",5,3,1,2020-04-23
"273","United Kingdom","Cayman Islands",66,7,1,2020-04-23
"274","United Kingdom","Channel Islands",521,295,29,2020-04-23
"275","United Kingdom","Falkland Islands (Malvinas)",12,11,0,2020-04-23
"276","United Kingdom","Gibraltar",133,129,0,2020-04-23
"277","United Kingdom","Isle of Man",307,221,16,2020-04-23
"278","United Kingdom","Montserrat",11,2,0,2020-04-23
"279","United Kingdom","Turks and Caicos Islands",11,4,1,2020-04-23
"280","United Kingdom","",138078,0,18738,2020-04-23
"281","United Kingdom","Anguilla",3,1,0,2020-04-24
"282","United Kingdom","Bermuda",99,39,5,2020-04-24
"283","United Kingdom","British Virgin Islands",5,3,1,2020-04-24
"284","United Kingdom","Cayman Islands",70,8,1,2020-04-24
"285","United Kingdom","Channel Islands",523,295,34,2020-04-24
"286","United Kingdom","Falkland Islands (Malvinas)",13,11,0,2020-04-24
"287","United Kingdom","Gibraltar",133,131,0,2020-04-24
"288","United Kingdom","Isle of Man",308,230,18,2020-04-24
"289","United Kingdom","Montserrat",11,2,1,2020-04-24
"290","United Kingdom","Turks and Caicos Islands",11,4,1,2020-04-24
"291","United Kingdom","",143464,0,19506,2020-04-24
"292","United Kingdom","Anguilla",3,1,0,2020-04-25
"293","United Kingdom","Bermuda",109,39,5,2020-04-25
"294","United Kingdom","British Virgin Islands",6,3,1,2020-04-25
"295","United Kingdom","Cayman Islands",70,8,1,2020-04-25
"296","United Kingdom","Channel Islands",525,332,35,2020-04-25
"297","United Kingdom","Falkland Islands (Malvinas)",13,11,0,2020-04-25
"298","United Kingdom","Gibraltar",136,131,0,2020-04-25
"299","United Kingdom","Isle of Man",308,243,18,2020-04-25
"300","United Kingdom","Montserrat",11,2,1,2020-04-25
"301","United Kingdom","Turks and Caicos Islands",11,4,1,2020-04-25
"302","United Kingdom","",148377,0,20319,2020-04-25
"303","United Kingdom","Anguilla",3,1,0,2020-04-26
"304","United Kingdom","Bermuda",109,39,5,2020-04-26
"305","United Kingdom","British Virgin Islands",6,3,1,2020-04-26
"306","United Kingdom","Cayman Islands",70,8,1,2020-04-26
"307","United Kingdom","Channel Islands",525,332,35,2020-04-26
"308","United Kingdom","Falkland Islands (Malvinas)",13,11,0,2020-04-26
"309","United Kingdom","Gibraltar",141,131,0,2020-04-26
"310","United Kingdom","Isle of Man",308,247,18,2020-04-26
"311","United Kingdom","Montserrat",11,2,1,2020-04-26
"312","United Kingdom","Turks and Caicos Islands",11,4,1,2020-04-26
"313","United Kingdom","",152840,0,20732,2020-04-26
"314","United Kingdom","Anguilla",3,3,0,2020-04-27
"315","United Kingdom","Bermuda",110,44,6,2020-04-27
"316","United Kingdom","British Virgin Islands",6,3,1,2020-04-27
"317","United Kingdom","Cayman Islands",70,8,1,2020-04-27
"318","United Kingdom","Channel Islands",525,352,35,2020-04-27
"319","United Kingdom","Falkland Islands (Malvinas)",13,11,0,2020-04-27
"320","United Kingdom","Gibraltar",141,131,0,2020-04-27
"321","United Kingdom","Isle of Man",308,248,20,2020-04-27
"322","United Kingdom","Montserrat",11,2,1,2020-04-27
"323","United Kingdom","Turks and Caicos Islands",12,5,1,2020-04-27
"324","United Kingdom","",157149,0,21092,2020-04-27
"325","United Kingdom","Anguilla",3,3,0,2020-04-28
"326","United Kingdom","Bermuda",110,44,6,2020-04-28
"327","United Kingdom","British Virgin Islands",6,3,1,2020-04-28
"328","United Kingdom","Cayman Islands",70,10,1,2020-04-28
"329","United Kingdom","Channel Islands",530,352,36,2020-04-28
"330","United Kingdom","Falkland Islands (Malvinas)",13,11,0,2020-04-28
"331","United Kingdom","Gibraltar",141,131,0,2020-04-28
"332","United Kingdom","Isle of Man",309,252,21,2020-04-28
"333","United Kingdom","Montserrat",11,2,1,2020-04-28
"334","United Kingdom","Turks and Caicos Islands",12,5,1,2020-04-28
"335","United Kingdom","",161145,0,21678,2020-04-28
"336","United Kingdom","Anguilla",3,3,0,2020-04-29
"337","United Kingdom","Bermuda",111,48,6,2020-04-29
"338","United Kingdom","British Virgin Islands",6,3,1,2020-04-29
"339","United Kingdom","Cayman Islands",73,10,1,2020-04-29
"340","United Kingdom","Channel Islands",537,386,38,2020-04-29
"341","United Kingdom","Falkland Islands (Malvinas)",13,11,0,2020-04-29
"342","United Kingdom","Gibraltar",141,131,0,2020-04-29
"343","United Kingdom","Isle of Man",313,258,21,2020-04-29
"344","United Kingdom","Montserrat",11,2,1,2020-04-29
"345","United Kingdom","Turks and Caicos Islands",12,5,1,2020-04-29
"346","United Kingdom","",165221,0,26097,2020-04-29
"347","United Kingdom","Anguilla",3,3,0,2020-04-30
"348","United Kingdom","Bermuda",114,48,6,2020-04-30
"349","United Kingdom","British Virgin Islands",6,3,1,2020-04-30
"350","United Kingdom","Cayman Islands",73,10,1,2020-04-30
"351","United Kingdom","Channel Islands",537,386,40,2020-04-30
"352","United Kingdom","Falkland Islands (Malvinas)",13,11,0,2020-04-30
"353","United Kingdom","Gibraltar",144,131,0,2020-04-30
"354","United Kingdom","Isle of Man",315,260,21,2020-04-30
"355","United Kingdom","Montserrat",11,2,1,2020-04-30
"356","United Kingdom","Turks and Caicos Islands",12,5,1,2020-04-30
"357","United Kingdom","",171253,0,26771,2020-04-30
"358","United Kingdom","Anguilla",3,3,0,2020-07-24
"359","United Kingdom","Bermuda",153,139,9,2020-07-24
"360","United Kingdom","British Virgin Islands",8,7,1,2020-07-24
"361","United Kingdom","Cayman Islands",203,202,1,2020-07-24
"362","United Kingdom","Channel Islands",584,533,47,2020-07-24
"363","United Kingdom","England",256428,0,41082,2020-07-24
"364","United Kingdom","Falkland Islands (Malvinas)",13,13,0,2020-07-24
"365","United Kingdom","Gibraltar",184,180,0,2020-07-24
"366","United Kingdom","Isle of Man",336,312,24,2020-07-24
"367","United Kingdom","Montserrat",12,10,1,2020-07-24
"368","United Kingdom","Northern Ireland",5891,0,556,2020-07-24
"369","United Kingdom","Scotland",18520,0,2491,2020-07-24
"370","United Kingdom","Turks and Caicos Islands",90,26,2,2020-07-24
"371","United Kingdom","Unknown",0,0,0,2020-07-24
"372","United Kingdom","Wales",17075,0,1548,2020-07-24
"373","United Kingdom","Anguilla",3,3,0,2020-07-25
"374","United Kingdom","Bermuda",153,139,9,2020-07-25
"375","United Kingdom","British Virgin Islands",8,7,1,2020-07-25
"376","United Kingdom","Cayman Islands",203,202,1,2020-07-25
"377","United Kingdom","Channel Islands",584,533,47,2020-07-25
"378","United Kingdom","England",257138,0,41143,2020-07-25
"379","United Kingdom","Falkland Islands (Malvinas)",13,13,0,2020-07-25
"380","United Kingdom","Gibraltar",185,180,0,2020-07-25
"381","United Kingdom","Isle of Man",336,312,24,2020-07-25
"382","United Kingdom","Montserrat",12,10,1,2020-07-25
"383","United Kingdom","Northern Ireland",5891,0,556,2020-07-25
"384","United Kingdom","Scotland",18547,0,2491,2020-07-25
"385","United Kingdom","Turks and Caicos Islands",92,28,2,2020-07-25
"386","United Kingdom","Unknown",0,0,0,2020-07-25
"387","United Kingdom","Wales",17105,0,1548,2020-07-25
"388","United Kingdom","Anguilla",3,3,0,2020-07-26
"389","United Kingdom","Bermuda",153,139,9,2020-07-26
"390","United Kingdom","British Virgin Islands",8,7,1,2020-07-26
"391","United Kingdom","Cayman Islands",203,202,1,2020-07-26
"392","United Kingdom","Channel Islands",584,533,47,2020-07-26
"393","United Kingdom","England",257859,0,41156,2020-07-26
"394","United Kingdom","Falkland Islands (Malvinas)",13,13,0,2020-07-26
"395","United Kingdom","Gibraltar",185,180,0,2020-07-26
"396","United Kingdom","Isle of Man",336,312,24,2020-07-26
"397","United Kingdom","Montserrat",12,10,1,2020-07-26
"398","United Kingdom","Northern Ireland",5891,0,556,2020-07-26
"399","United Kingdom","Scotland",18551,0,2491,2020-07-26
"400","United Kingdom","Turks and Caicos Islands",97,35,2,2020-07-26
"401","United Kingdom","Unknown",0,0,0,2020-07-26
"402","United Kingdom","Wales",17125,0,1549,2020-07-26
"403","United Kingdom","Anguilla",3,3,0,2020-07-27
"404","United Kingdom","Bermuda",154,141,9,2020-07-27
"405","United Kingdom","British Virgin Islands",8,7,1,2020-07-27
"406","United Kingdom","Cayman Islands",203,202,1,2020-07-27
"407","United Kingdom","Channel Islands",584,533,47,2020-07-27
"408","United Kingdom","England",258475,0,41163,2020-07-27
"409","United Kingdom","Falkland Islands (Malvinas)",13,13,0,2020-07-27
"410","United Kingdom","Gibraltar",185,180,0,2020-07-27
"411","United Kingdom","Isle of Man",336,312,24,2020-07-27
"412","United Kingdom","Montserrat",12,10,1,2020-07-27
"413","United Kingdom","Northern Ireland",5912,0,556,2020-07-27
"414","United Kingdom","Scotland",18554,0,2491,2020-07-27
"415","United Kingdom","Turks and Caicos Islands",99,36,2,2020-07-27
"416","United Kingdom","Unknown",0,0,0,2020-07-27
"417","United Kingdom","Wales",17170,0,1549,2020-07-27
"418","United Kingdom","Anguilla",3,3,0,2020-07-28
"419","United Kingdom","Bermuda",156,141,9,2020-07-28
"420","United Kingdom","British Virgin Islands",8,7,1,2020-07-28
"421","United Kingdom","Cayman Islands",203,202,1,2020-07-28
"422","United Kingdom","Channel Islands",587,533,47,2020-07-28
"423","United Kingdom","England",259022,0,41282,2020-07-28
"424","United Kingdom","Falkland Islands (Malvinas)",13,13,0,2020-07-28
"425","United Kingdom","Gibraltar",186,180,0,2020-07-28
"426","United Kingdom","Isle of Man",336,312,24,2020-07-28
"427","United Kingdom","Montserrat",12,10,1,2020-07-28
"428","United Kingdom","Northern Ireland",5912,0,556,2020-07-28
"429","United Kingdom","Scotland",18554,0,2491,2020-07-28
"430","United Kingdom","Turks and Caicos Islands",99,37,2,2020-07-28
"431","United Kingdom","Unknown",34,0,0,2020-07-28
"432","United Kingdom","Wales",17170,0,1549,2020-07-28
"433","United Kingdom","Anguilla",3,3,0,2020-07-29
"434","United Kingdom","Bermuda",156,141,9,2020-07-29
"435","United Kingdom","British Virgin Islands",8,7,1,2020-07-29
"436","United Kingdom","Cayman Islands",203,202,1,2020-07-29
"437","United Kingdom","Channel Islands",587,533,47,2020-07-29
"438","United Kingdom","England",259722,0,41360,2020-07-29
"439","United Kingdom","Falkland Islands (Malvinas)",13,13,0,2020-07-29
"440","United Kingdom","Gibraltar",186,180,0,2020-07-29
"441","United Kingdom","Isle of Man",336,312,24,2020-07-29
"442","United Kingdom","Montserrat",12,10,1,2020-07-29
"443","United Kingdom","Northern Ireland",5930,0,556,2020-07-29
"444","United Kingdom","Scotland",18580,0,2491,2020-07-29
"445","United Kingdom","Turks and Caicos Islands",104,37,2,2020-07-29
"446","United Kingdom","Unknown",0,0,0,2020-07-29
"447","United Kingdom","Wales",17223,0,1554,2020-07-29
"448","United Kingdom","Anguilla",3,3,0,2020-07-30
"449","United Kingdom","Bermuda",156,141,9,2020-07-30
"450","United Kingdom","British Virgin Islands",8,7,1,2020-07-30
"451","United Kingdom","Cayman Islands",203,202,1,2020-07-30
"452","United Kingdom","Channel Islands",587,533,47,2020-07-30
"453","United Kingdom","England",260534,0,41398,2020-07-30
"454","United Kingdom","Falkland Islands (Malvinas)",13,13,0,2020-07-30
"455","United Kingdom","Gibraltar",187,180,0,2020-07-30
"456","United Kingdom","Isle of Man",336,312,24,2020-07-30
"457","United Kingdom","Montserrat",12,10,1,2020-07-30
"458","United Kingdom","Northern Ireland",5938,0,556,2020-07-30
"459","United Kingdom","Scotland",18597,0,2491,2020-07-30
"460","United Kingdom","Turks and Caicos Islands",104,37,2,2020-07-30
"461","United Kingdom","Unknown",0,0,0,2020-07-30
"462","United Kingdom","Wales",17232,0,1554,2020-07-30
"463","United Kingdom","Anguilla",3,3,0,2020-07-31
"464","United Kingdom","Bermuda",156,141,9,2020-07-31
"465","United Kingdom","British Virgin Islands",8,7,1,2020-07-31
"466","United Kingdom","Cayman Islands",203,202,1,2020-07-31
"467","United Kingdom","Channel Islands",587,533,47,2020-07-31
"468","United Kingdom","England",261348,0,41512,2020-07-31
"469","United Kingdom","Falkland Islands (Malvinas)",13,13,0,2020-07-31
"470","United Kingdom","Gibraltar",187,181,0,2020-07-31
"471","United Kingdom","Isle of Man",336,312,24,2020-07-31
"472","United Kingdom","Montserrat",12,10,1,2020-07-31
"473","United Kingdom","Northern Ireland",5948,0,556,2020-07-31
"474","United Kingdom","Scotland",18627,0,2491,2020-07-31
"475","United Kingdom","Turks and Caicos Islands",107,37,2,2020-07-31
"476","United Kingdom","Unknown",0,0,0,2020-07-31
"477","United Kingdom","Wales",17258,0,1560,2020-07-31
"478","United Kingdom","Anguilla",3,3,0,2020-08-01
"479","United Kingdom","Bermuda",156,141,9,2020-08-01
"480","United Kingdom","British Virgin Islands",8,7,1,2020-08-01
"481","United Kingdom","Cayman Islands",203,202,1,2020-08-01
"482","United Kingdom","Channel Islands",587,533,47,2020-08-01
"483","United Kingdom","England",262070,0,41584,2020-08-01
"484","United Kingdom","Falkland Islands (Malvinas)",13,13,0,2020-08-01
"485","United Kingdom","Gibraltar",188,182,0,2020-08-01
"486","United Kingdom","Isle of Man",336,312,24,2020-08-01
"487","United Kingdom","Montserrat",12,10,1,2020-08-01
"488","United Kingdom","Northern Ireland",5948,0,556,2020-08-01
"489","United Kingdom","Scotland",18645,0,2491,2020-08-01
"490","United Kingdom","Turks and Caicos Islands",114,38,2,2020-08-01
"491","United Kingdom","Unknown",10,0,0,2020-08-01
"492","United Kingdom","Wales",17279,0,1562,2020-08-01
"493","United Kingdom","Anguilla",3,3,0,2020-08-02
"494","United Kingdom","Bermuda",157,143,9,2020-08-02
"495","United Kingdom","British Virgin Islands",8,7,1,2020-08-02
"496","United Kingdom","Cayman Islands",203,202,1,2020-08-02
"497","United Kingdom","Channel Islands",587,533,47,2020-08-02
"498","United Kingdom","England",262746,0,41589,2020-08-02
"499","United Kingdom","Falkland Islands (Malvinas)",13,13,0,2020-08-02
"500","United Kingdom","Gibraltar",188,183,0,2020-08-02
"501","United Kingdom","Isle of Man",336,312,24,2020-08-02
"502","United Kingdom","Montserrat",13,10,1,2020-08-02
"503","United Kingdom","Northern Ireland",5948,0,556,2020-08-02
"504","United Kingdom","Scotland",18676,0,2491,2020-08-02
"505","United Kingdom","Turks and Caicos Islands",116,38,2,2020-08-02
"506","United Kingdom","Unknown",10,0,0,2020-08-02
"507","United Kingdom","Wales",17315,0,1565,2020-08-02
"508","United Kingdom","Anguilla",3,3,0,2020-08-03
"509","United Kingdom","Bermuda",157,144,9,2020-08-03
"510","United Kingdom","British Virgin Islands",8,7,1,2020-08-03
"511","United Kingdom","Cayman Islands",203,202,1,2020-08-03
"512","United Kingdom","Channel Islands",591,533,47,2020-08-03
"513","United Kingdom","England",263602,0,41598,2020-08-03
"514","United Kingdom","Falkland Islands (Malvinas)",13,13,0,2020-08-03
"515","United Kingdom","Gibraltar",188,183,0,2020-08-03
"516","United Kingdom","Isle of Man",336,312,24,2020-08-03
"517","United Kingdom","Montserrat",13,10,1,2020-08-03
"518","United Kingdom","Northern Ireland",5988,0,556,2020-08-03
"519","United Kingdom","Scotland",18694,0,2491,2020-08-03
"520","United Kingdom","Turks and Caicos Islands",116,38,2,2020-08-03
"521","United Kingdom","Unknown",0,0,0,2020-08-03
"522","United Kingdom","Wales",17339,0,1565,2020-08-03
"523","United Kingdom","Anguilla",3,3,0,2020-08-04
"524","United Kingdom","Bermuda",157,144,9,2020-08-04
"525","United Kingdom","British Virgin Islands",8,7,1,2020-08-04
"526","United Kingdom","Cayman Islands",203,202,1,2020-08-04
"527","United Kingdom","Channel Islands",595,533,47,2020-08-04
"528","United Kingdom","England",264219,0,41686,2020-08-04
"529","United Kingdom","Falkland Islands (Malvinas)",13,13,0,2020-08-04
"530","United Kingdom","Gibraltar",189,183,0,2020-08-04
"531","United Kingdom","Isle of Man",336,312,24,2020-08-04
"532","United Kingdom","Montserrat",13,10,1,2020-08-04
"533","United Kingdom","Northern Ireland",5996,0,556,2020-08-04
"534","United Kingdom","Scotland",18717,0,2491,2020-08-04
"535","United Kingdom","Turks and Caicos Islands",116,38,2,2020-08-04
"536","United Kingdom","Unknown",0,0,0,2020-08-04
"537","United Kingdom","Wales",17361,0,1566,2020-08-04
"538","United Kingdom","Anguilla",3,3,0,2020-08-05
"539","United Kingdom","Bermuda",157,144,9,2020-08-05
"540","United Kingdom","British Virgin Islands",9,7,1,2020-08-05
"541","United Kingdom","Cayman Islands",203,202,1,2020-08-05
"542","United Kingdom","Channel Islands",596,533,47,2020-08-05
"543","United Kingdom","England",265023,0,41749,2020-08-05
"544","United Kingdom","Falkland Islands (Malvinas)",13,13,0,2020-08-05
"545","United Kingdom","Gibraltar",189,183,0,2020-08-05
"546","United Kingdom","Isle of Man",336,312,24,2020-08-05
"547","United Kingdom","Montserrat",13,10,1,2020-08-05
"548","United Kingdom","Northern Ireland",6006,0,556,2020-08-05
"549","United Kingdom","Scotland",18781,0,2491,2020-08-05
"550","United Kingdom","Turks and Caicos Islands",129,39,2,2020-08-05
"551","United Kingdom","Unknown",0,0,0,2020-08-05
"552","United Kingdom","Wales",17374,0,1568,2020-08-05
"553","United Kingdom","Anguilla",3,3,0,2020-08-06
"554","United Kingdom","Bermuda",157,144,9,2020-08-06
"555","United Kingdom","British Virgin Islands",9,7,1,2020-08-06
"556","United Kingdom","Cayman Islands",203,202,1,2020-08-06
"557","United Kingdom","Channel Islands",597,533,47,2020-08-06
"558","United Kingdom","England",265849,0,41795,2020-08-06
"559","United Kingdom","Falkland Islands (Malvinas)",13,13,0,2020-08-06
"560","United Kingdom","Gibraltar",190,184,0,2020-08-06
"561","United Kingdom","Isle of Man",336,312,24,2020-08-06
"562","United Kingdom","Montserrat",13,10,1,2020-08-06
"563","United Kingdom","Northern Ireland",6049,0,556,2020-08-06
"564","United Kingdom","Scotland",18847,0,2491,2020-08-06
"565","United Kingdom","Turks and Caicos Islands",141,39,2,2020-08-06
"566","United Kingdom","Unknown",0,0,0,2020-08-06
"567","United Kingdom","Wales",17389,0,1571,2020-08-06
"568","United Kingdom","Anguilla",3,3,0,2020-08-07
"569","United Kingdom","Bermuda",157,144,9,2020-08-07
"570","United Kingdom","British Virgin Islands",9,7,1,2020-08-07
"571","United Kingdom","Cayman Islands",203,202,1,2020-08-07
"572","United Kingdom","Channel Islands",597,533,47,2020-08-07
"573","United Kingdom","England",266645,0,41886,2020-08-07
"574","United Kingdom","Falkland Islands (Malvinas)",13,13,0,2020-08-07
"575","United Kingdom","Gibraltar",190,184,0,2020-08-07
"576","United Kingdom","Isle of Man",336,312,24,2020-08-07
"577","United Kingdom","Montserrat",13,10,1,2020-08-07
"578","United Kingdom","Northern Ireland",6064,0,556,2020-08-07
"579","United Kingdom","Scotland",18890,0,2491,2020-08-07
"580","United Kingdom","Turks and Caicos Islands",170,39,2,2020-08-07
"581","United Kingdom","Unknown",0,0,0,2020-08-07
"582","United Kingdom","Wales",17406,0,1578,2020-08-07
"583","United Kingdom","Anguilla",3,3,0,2020-08-08
"584","United Kingdom","Bermuda",157,144,9,2020-08-08
"585","United Kingdom","British Virgin Islands",9,7,1,2020-08-08
"586","United Kingdom","Cayman Islands",203,202,1,2020-08-08
"587","United Kingdom","Channel Islands",597,533,47,2020-08-08
"588","United Kingdom","England",267324,0,41940,2020-08-08
"589","United Kingdom","Falkland Islands (Malvinas)",13,13,0,2020-08-08
"590","United Kingdom","Gibraltar",197,184,0,2020-08-08
"591","United Kingdom","Isle of Man",336,312,24,2020-08-08
"592","United Kingdom","Montserrat",13,12,1,2020-08-08
"593","United Kingdom","Northern Ireland",6064,0,556,2020-08-08
"594","United Kingdom","Scotland",18950,0,2491,2020-08-08
"595","United Kingdom","Turks and Caicos Islands",170,39,2,2020-08-08
"596","United Kingdom","Unknown",0,0,0,2020-08-08
"597","United Kingdom","Wales",17425,0,1579,2020-08-08
"598","United Kingdom","Anguilla",3,3,0,2020-08-09
"599","United Kingdom","Bermuda",158,144,9,2020-08-09
"600","United Kingdom","British Virgin Islands",9,7,1,2020-08-09
"601","United Kingdom","Cayman Islands",203,202,1,2020-08-09
"602","United Kingdom","Channel Islands",597,533,47,2020-08-09
"603","United Kingdom","England",268312,0,41948,2020-08-09
"604","United Kingdom","Falkland Islands (Malvinas)",13,13,0,2020-08-09
"605","United Kingdom","Gibraltar",201,186,0,2020-08-09
"606","United Kingdom","Isle of Man",336,312,24,2020-08-09
"607","United Kingdom","Montserrat",13,12,1,2020-08-09
"608","United Kingdom","Northern Ireland",6064,0,556,2020-08-09
"609","United Kingdom","Scotland",18998,0,2491,2020-08-09
"610","United Kingdom","Turks and Caicos Islands",216,39,2,2020-08-09
"611","United Kingdom","Unknown",0,0,0,2020-08-09
"612","United Kingdom","Wales",17451,0,1579,2020-08-09
"613","United Kingdom","Anguilla",3,3,0,2020-08-10
"614","United Kingdom","Bermuda",158,144,9,2020-08-10
"615","United Kingdom","British Virgin Islands",9,7,1,2020-08-10
"616","United Kingdom","Cayman Islands",203,202,1,2020-08-10
"617","United Kingdom","Channel Islands",599,545,47,2020-08-10
"618","United Kingdom","England",269011,0,41900,2020-08-10
"619","United Kingdom","Falkland Islands (Malvinas)",13,13,0,2020-08-10
"620","United Kingdom","Gibraltar",201,186,0,2020-08-10
"621","United Kingdom","Isle of Man",336,312,24,2020-08-10
"622","United Kingdom","Montserrat",13,12,1,2020-08-10
"623","United Kingdom","Northern Ireland",6140,0,556,2020-08-10
"624","United Kingdom","Scotland",19027,0,2491,2020-08-10
"625","United Kingdom","Turks and Caicos Islands",216,39,2,2020-08-10
"626","United Kingdom","Unknown",0,0,0,2020-08-10
"627","United Kingdom","Wales",17463,0,1579,2020-08-10
"628","United Kingdom","Anguilla",3,3,0,2020-08-11
"629","United Kingdom","Bermuda",159,144,9,2020-08-11
"630","United Kingdom","British Virgin Islands",9,7,1,2020-08-11
"631","United Kingdom","Cayman Islands",203,202,1,2020-08-11
"632","United Kingdom","Channel Islands",599,545,47,2020-08-11
"633","United Kingdom","England",269011,0,41900,2020-08-11
"634","United Kingdom","Falkland Islands (Malvinas)",13,13,0,2020-08-11
"635","United Kingdom","Gibraltar",202,187,0,2020-08-11
"636","United Kingdom","Isle of Man",336,312,24,2020-08-11
"637","United Kingdom","Montserrat",13,12,1,2020-08-11
"638","United Kingdom","Northern Ireland",6140,0,556,2020-08-11
"639","United Kingdom","Scotland",19027,0,2491,2020-08-11
"640","United Kingdom","Turks and Caicos Islands",216,39,2,2020-08-11
"641","United Kingdom","Unknown",0,0,0,2020-08-11
"642","United Kingdom","Wales",17463,0,1579,2020-08-11
"643","United Kingdom","Anguilla",3,3,0,2020-08-12
"644","United Kingdom","Bermuda",159,145,9,2020-08-12
"645","United Kingdom","British Virgin Islands",9,7,1,2020-08-12
"646","United Kingdom","Cayman Islands",203,202,1,2020-08-12
"647","United Kingdom","Channel Islands",603,545,47,2020-08-12
"648","United Kingdom","England",270971,0,42072,2020-08-12
"649","United Kingdom","Falkland Islands (Malvinas)",13,13,0,2020-08-12
"650","United Kingdom","Gibraltar",203,187,0,2020-08-12
"651","United Kingdom","Isle of Man",336,312,24,2020-08-12
"652","United Kingdom","Montserrat",13,12,1,2020-08-12
"653","United Kingdom","Northern Ireland",6217,0,557,2020-08-12
"654","United Kingdom","Scotland",19126,0,2491,2020-08-12
"655","United Kingdom","Turks and Caicos Islands",241,46,2,2020-08-12
"656","United Kingdom","Unknown",0,0,0,2020-08-12
"657","United Kingdom","Wales",17484,0,1586,2020-08-12
"658","United Kingdom","Anguilla",3,3,0,2020-08-13
"659","United Kingdom","Bermuda",159,145,9,2020-08-13
"660","United Kingdom","British Virgin Islands",9,7,1,2020-08-13
"661","United Kingdom","Cayman Islands",203,202,1,2020-08-13
"662","United Kingdom","Channel Islands",603,545,47,2020-08-13
"663","United Kingdom","England",270971,0,42072,2020-08-13
"664","United Kingdom","Falkland Islands (Malvinas)",13,13,0,2020-08-13
"665","United Kingdom","Gibraltar",205,188,0,2020-08-13
"666","United Kingdom","Isle of Man",336,312,24,2020-08-13
"667","United Kingdom","Montserrat",13,12,1,2020-08-13
"668","United Kingdom","Northern Ireland",6217,0,557,2020-08-13
"669","United Kingdom","Scotland",19126,0,2491,2020-08-13
"670","United Kingdom","Turks and Caicos Islands",258,52,2,2020-08-13
"671","United Kingdom","Unknown",0,0,0,2020-08-13
"672","United Kingdom","Wales",17484,0,1586,2020-08-13
"673","United Kingdom","Anguilla",3,3,0,2020-08-14
"674","United Kingdom","Bermuda",159,145,9,2020-08-14
"675","United Kingdom","British Virgin Islands",9,7,1,2020-08-14
"676","United Kingdom","Cayman Islands",203,202,1,2020-08-14
"677","United Kingdom","Channel Islands",607,545,47,2020-08-14
"678","United Kingdom","England",270971,0,42072,2020-08-14
"679","United Kingdom","Falkland Islands (Malvinas)",13,13,0,2020-08-14
"680","United Kingdom","Gibraltar",206,188,0,2020-08-14
"681","United Kingdom","Isle of Man",336,312,24,2020-08-14
"682","United Kingdom","Montserrat",13,12,1,2020-08-14
"683","United Kingdom","Northern Ireland",6217,0,557,2020-08-14
"684","United Kingdom","Scotland",19126,0,2491,2020-08-14
"685","United Kingdom","Turks and Caicos Islands",274,54,2,2020-08-14
"686","United Kingdom","Unknown",0,0,0,2020-08-14
"687","United Kingdom","Wales",17484,0,1586,2020-08-14
"688","United Kingdom","Anguilla",3,3,0,2020-08-15
"689","United Kingdom","Bermuda",162,147,9,2020-08-15
"690","United Kingdom","British Virgin Islands",9,7,1,2020-08-15
"691","United Kingdom","Cayman Islands",203,202,1,2020-08-15
"692","United Kingdom","Channel Islands",607,545,47,2020-08-15
"693","United Kingdom","England",274248,0,42072,2020-08-15
"694","United Kingdom","Falkland Islands (Malvinas)",13,13,0,2020-08-15
"695","United Kingdom","Gibraltar",209,190,0,2020-08-15
"696","United Kingdom","Isle of Man",336,312,24,2020-08-15
"697","United Kingdom","Montserrat",13,12,1,2020-08-15
"698","United Kingdom","Northern Ireland",6299,0,557,2020-08-15
"699","United Kingdom","Scotland",19289,0,2491,2020-08-15
"700","United Kingdom","Turks and Caicos Islands",298,55,2,2020-08-15
"701","United Kingdom","Unknown",0,0,0,2020-08-15
"702","United Kingdom","Wales",17543,0,1586,2020-08-15
"703","United Kingdom","Anguilla",3,3,0,2020-08-16
"704","United Kingdom","Bermuda",162,147,9,2020-08-16
"705","United Kingdom","British Virgin Islands",9,7,1,2020-08-16
"706","United Kingdom","Cayman Islands",203,202,1,2020-08-16
"707","United Kingdom","Channel Islands",607,545,47,2020-08-16
"708","United Kingdom","England",275200,0,42072,2020-08-16
"709","United Kingdom","Falkland Islands (Malvinas)",13,13,0,2020-08-16
"710","United Kingdom","Gibraltar",215,190,0,2020-08-16
"711","United Kingdom","Isle of Man",336,312,24,2020-08-16
"712","United Kingdom","Montserrat",13,12,1,2020-08-16
"713","United Kingdom","Northern Ireland",6391,0,557,2020-08-16
"714","United Kingdom","Scotland",19332,0,2491,2020-08-16
"715","United Kingdom","Turks and Caicos Islands",298,55,2,2020-08-16
"716","United Kingdom","Unknown",0,0,0,2020-08-16
"717","United Kingdom","Wales",17561,0,1586,2020-08-16
"718","United Kingdom","Anguilla",3,3,0,2020-08-17
"719","United Kingdom","Bermuda",166,147,9,2020-08-17
"720","United Kingdom","British Virgin Islands",9,7,1,2020-08-17
"721","United Kingdom","Cayman Islands",203,202,1,2020-08-17
"722","United Kingdom","Channel Islands",609,545,47,2020-08-17
"723","United Kingdom","England",275834,0,36731,2020-08-17
"724","United Kingdom","Falkland Islands (Malvinas)",13,13,0,2020-08-17
"725","United Kingdom","Gibraltar",217,194,0,2020-08-17
"726","United Kingdom","Isle of Man",336,312,24,2020-08-17
"727","United Kingdom","Montserrat",13,12,1,2020-08-17
"728","United Kingdom","Northern Ireland",6430,0,558,2020-08-17
"729","United Kingdom","Scotland",19358,0,2491,2020-08-17
"730","United Kingdom","Turks and Caicos Islands",298,55,2,2020-08-17
"731","United Kingdom","Unknown",0,0,0,2020-08-17
"732","United Kingdom","Wales",17575,0,1589,2020-08-17
"733","United Kingdom","Anguilla",3,3,0,2020-08-18
"734","United Kingdom","Bermuda",166,147,9,2020-08-18
"735","United Kingdom","British Virgin Islands",11,8,1,2020-08-18
"736","United Kingdom","Cayman Islands",203,202,1,2020-08-18
"737","United Kingdom","Channel Islands",609,545,47,2020-08-18
"738","United Kingdom","England",276809,0,36742,2020-08-18
"739","United Kingdom","Falkland Islands (Malvinas)",13,13,0,2020-08-18
"740","United Kingdom","Gibraltar",222,195,0,2020-08-18
"741","United Kingdom","Isle of Man",336,312,24,2020-08-18
"742","United Kingdom","Montserrat",13,12,1,2020-08-18
"743","United Kingdom","Northern Ireland",6471,0,559,2020-08-18
"744","United Kingdom","Scotland",19407,0,2491,2020-08-18
"745","United Kingdom","Turks and Caicos Islands",315,56,2,2020-08-18
"746","United Kingdom","Unknown",0,0,0,2020-08-18
"747","United Kingdom","Wales",17599,0,1589,2020-08-18
"748","United Kingdom","Anguilla",3,3,0,2020-08-19
"749","United Kingdom","Bermuda",166,147,9,2020-08-19
"750","United Kingdom","British Virgin Islands",11,8,1,2020-08-19
"751","United Kingdom","Cayman Islands",205,202,1,2020-08-19
"752","United Kingdom","Channel Islands",613,545,48,2020-08-19
"753","United Kingdom","England",277516,0,36757,2020-08-19
"754","United Kingdom","Falkland Islands (Malvinas)",13,13,0,2020-08-19
"755","United Kingdom","Gibraltar",223,197,0,2020-08-19
"756","United Kingdom","Isle of Man",336,312,24,2020-08-19
"757","United Kingdom","Montserrat",13,12,1,2020-08-19
"758","United Kingdom","Northern Ireland",6505,0,559,2020-08-19
"759","United Kingdom","Scotland",19457,0,2492,2020-08-19
"760","United Kingdom","Turks and Caicos Islands",327,56,2,2020-08-19
"761","United Kingdom","Unknown",0,0,0,2020-08-19
"762","United Kingdom","Wales",17620,0,1589,2020-08-19
"763","United Kingdom","Anguilla",3,3,0,2020-08-20
"764","United Kingdom","Bermuda",166,147,9,2020-08-20
"765","United Kingdom","British Virgin Islands",11,8,1,2020-08-20
"766","United Kingdom","Cayman Islands",205,202,1,2020-08-20
"767","United Kingdom","Channel Islands",613,545,48,2020-08-20
"768","United Kingdom","England",278551,0,36763,2020-08-20
"769","United Kingdom","Falkland Islands (Malvinas)",13,13,0,2020-08-20
"770","United Kingdom","Gibraltar",229,200,0,2020-08-20
"771","United Kingdom","Isle of Man",336,312,24,2020-08-20
"772","United Kingdom","Montserrat",13,12,1,2020-08-20
"773","United Kingdom","Northern Ireland",6556,0,559,2020-08-20
"774","United Kingdom","Scotland",19534,0,2492,2020-08-20
"775","United Kingdom","Turks and Caicos Islands",334,102,2,2020-08-20
"776","United Kingdom","Unknown",0,0,0,2020-08-20
"777","United Kingdom","Wales",17639,0,1589,2020-08-20
"778","United Kingdom","Anguilla",3,3,0,2020-08-21
"779","United Kingdom","Bermuda",167,147,9,2020-08-21
"780","United Kingdom","British Virgin Islands",21,8,1,2020-08-21
"781","United Kingdom","Cayman Islands",205,202,1,2020-08-21
"782","United Kingdom","Channel Islands",614,545,48,2020-08-21
"783","United Kingdom","England",279459,0,36765,2020-08-21
"784","United Kingdom","Falkland Islands (Malvinas)",13,13,0,2020-08-21
"785","United Kingdom","Gibraltar",231,200,0,2020-08-21
"786","United Kingdom","Isle of Man",336,312,24,2020-08-21
"787","United Kingdom","Montserrat",13,12,1,2020-08-21
"788","United Kingdom","Northern Ireland",6576,0,559,2020-08-21
"789","United Kingdom","Scotland",19605,0,2492,2020-08-21
"790","United Kingdom","Turks and Caicos Islands",347,102,2,2020-08-21
"791","United Kingdom","Unknown",0,0,0,2020-08-21
"792","United Kingdom","Wales",17673,0,1589,2020-08-21
"793","United Kingdom","Anguilla",3,3,0,2020-08-22
"794","United Kingdom","Bermuda",167,149,9,2020-08-22
"795","United Kingdom","British Virgin Islands",21,8,1,2020-08-22
"796","United Kingdom","Cayman Islands",205,202,1,2020-08-22
"797","United Kingdom","Channel Islands",614,545,48,2020-08-22
"798","United Kingdom","England",280519,0,36782,2020-08-22
"799","United Kingdom","Falkland Islands (Malvinas)",13,13,0,2020-08-22
"800","United Kingdom","Gibraltar",239,201,0,2020-08-22
"801","United Kingdom","Isle of Man",336,312,24,2020-08-22
"802","United Kingdom","Montserrat",13,12,1,2020-08-22
"803","United Kingdom","Northern Ireland",6647,0,559,2020-08-22
"804","United Kingdom","Scotland",19728,0,2492,2020-08-22
"805","United Kingdom","Turks and Caicos Islands",383,102,2,2020-08-22
"806","United Kingdom","Unknown",0,0,0,2020-08-22
"807","United Kingdom","Wales",17707,0,1590,2020-08-22
"808","United Kingdom","Anguilla",3,3,0,2020-08-23
"809","United Kingdom","Bermuda",167,149,9,2020-08-23
"810","United Kingdom","British Virgin Islands",21,8,1,2020-08-23
"811","United Kingdom","Cayman Islands",205,202,1,2020-08-23
"812","United Kingdom","Channel Islands",614,545,48,2020-08-23
"813","United Kingdom","England",281457,0,36786,2020-08-23
"814","United Kingdom","Falkland Islands (Malvinas)",13,13,0,2020-08-23
"815","United Kingdom","Gibraltar",246,201,0,2020-08-23
"816","United Kingdom","Isle of Man",336,312,24,2020-08-23
"817","United Kingdom","Montserrat",13,12,1,2020-08-23
"818","United Kingdom","Northern Ireland",6647,0,559,2020-08-23
"819","United Kingdom","Scotland",19811,0,2492,2020-08-23
"820","United Kingdom","Turks and Caicos Islands",383,102,2,2020-08-23
"821","United Kingdom","Unknown",0,0,0,2020-08-23
"822","United Kingdom","Wales",17727,0,1592,2020-08-23
"823","United Kingdom","Anguilla",3,3,0,2020-08-24
"824","United Kingdom","Bermuda",168,150,9,2020-08-24
"825","United Kingdom","British Virgin Islands",21,8,1,2020-08-24
"826","United Kingdom","Cayman Islands",205,202,1,2020-08-24
"827","United Kingdom","Channel Islands",616,545,48,2020-08-24
"828","United Kingdom","England",282215,0,36789,2020-08-24
"829","United Kingdom","Falkland Islands (Malvinas)",13,13,0,2020-08-24
"830","United Kingdom","Gibraltar",248,203,0,2020-08-24
"831","United Kingdom","Isle of Man",336,312,24,2020-08-24
"832","United Kingdom","Montserrat",13,12,1,2020-08-24
"833","United Kingdom","Northern Ireland",6776,0,559,2020-08-24
"834","United Kingdom","Scotland",19877,0,2492,2020-08-24
"835","United Kingdom","Turks and Caicos Islands",383,102,2,2020-08-24
"836","United Kingdom","Unknown",0,0,0,2020-08-24
"837","United Kingdom","Wales",17746,0,1593,2020-08-24
"838","United Kingdom","Anguilla",3,3,0,2020-08-25
"839","United Kingdom","Bermuda",168,151,9,2020-08-25
"840","United Kingdom","British Virgin Islands",26,8,1,2020-08-25
"841","United Kingdom","Cayman Islands",205,202,1,2020-08-25
"842","United Kingdom","Channel Islands",620,545,48,2020-08-25
"843","United Kingdom","England",283280,0,36805,2020-08-25
"844","United Kingdom","Falkland Islands (Malvinas)",13,13,0,2020-08-25
"845","United Kingdom","Gibraltar",256,203,0,2020-08-25
"846","United Kingdom","Isle of Man",336,312,24,2020-08-25
"847","United Kingdom","Montserrat",13,12,1,2020-08-25
"848","United Kingdom","Northern Ireland",6823,0,559,2020-08-25
"849","United Kingdom","Scotland",19921,0,2492,2020-08-25
"850","United Kingdom","Turks and Caicos Islands",383,102,2,2020-08-25
"851","United Kingdom","Unknown",0,0,0,2020-08-25
"852","United Kingdom","Wales",17774,0,1593,2020-08-25
"853","United Kingdom","Anguilla",3,3,0,2020-08-26
"854","United Kingdom","Bermuda",168,151,9,2020-08-26
"855","United Kingdom","British Virgin Islands",26,8,1,2020-08-26
"856","United Kingdom","Cayman Islands",205,202,1,2020-08-26
"857","United Kingdom","Channel Islands",623,545,48,2020-08-26
"858","United Kingdom","England",284155,0,36818,2020-08-26
"859","United Kingdom","Falkland Islands (Malvinas)",13,13,0,2020-08-26
"860","United Kingdom","Gibraltar",270,203,0,2020-08-26
"861","United Kingdom","Isle of Man",336,312,24,2020-08-26
"862","United Kingdom","Montserrat",13,12,1,2020-08-26
"863","United Kingdom","Northern Ireland",6895,0,559,2020-08-26
"864","United Kingdom","Scotland",19988,0,2494,2020-08-26
"865","United Kingdom","Turks and Caicos Islands",464,102,3,2020-08-26
"866","United Kingdom","Unknown",0,0,0,2020-08-26
"867","United Kingdom","Wales",17808,0,1594,2020-08-26
"868","United Kingdom","Anguilla",3,3,0,2020-08-27
"869","United Kingdom","Bermuda",168,151,9,2020-08-27
"870","United Kingdom","British Virgin Islands",26,8,1,2020-08-27
"871","United Kingdom","Cayman Islands",205,202,1,2020-08-27
"872","United Kingdom","Channel Islands",623,545,48,2020-08-27
"873","United Kingdom","England",285505,0,36828,2020-08-27
"874","United Kingdom","Falkland Islands (Malvinas)",13,13,0,2020-08-27
"875","United Kingdom","Gibraltar",272,216,0,2020-08-27
"876","United Kingdom","Isle of Man",336,312,24,2020-08-27
"877","United Kingdom","Montserrat",13,12,1,2020-08-27
"878","United Kingdom","Northern Ireland",6964,0,560,2020-08-27
"879","United Kingdom","Scotland",20056,0,2494,2020-08-27
"880","United Kingdom","Turks and Caicos Islands",482,102,3,2020-08-27
"881","United Kingdom","Unknown",0,0,0,2020-08-27
"882","United Kingdom","Wales",17843,0,1595,2020-08-27
"883","United Kingdom","Anguilla",3,3,0,2020-08-28
"884","United Kingdom","Bermuda",168,151,9,2020-08-28
"885","United Kingdom","British Virgin Islands",35,8,1,2020-08-28
"886","United Kingdom","Cayman Islands",205,202,1,2020-08-28
"887","United Kingdom","Channel Islands",625,545,48,2020-08-28
"888","United Kingdom","England",286611,0,36837,2020-08-28
"889","United Kingdom","Falkland Islands (Malvinas)",13,13,0,2020-08-28
"890","United Kingdom","Gibraltar",274,221,0,2020-08-28
"891","United Kingdom","Isle of Man",336,312,24,2020-08-28
"892","United Kingdom","Montserrat",13,12,1,2020-08-28
"893","United Kingdom","Northern Ireland",7049,0,560,2020-08-28
"894","United Kingdom","Scotland",20107,0,2494,2020-08-28
"895","United Kingdom","Turks and Caicos Islands",490,148,3,2020-08-28
"896","United Kingdom","Unknown",0,0,0,2020-08-28
"897","United Kingdom","Wales",17877,0,1595,2020-08-28
"898","United Kingdom","Anguilla",3,3,0,2020-08-29
"899","United Kingdom","Bermuda",169,153,9,2020-08-29
"900","United Kingdom","British Virgin Islands",35,8,1,2020-08-29
"901","United Kingdom","Cayman Islands",205,202,1,2020-08-29
"902","United Kingdom","Channel Islands",625,545,48,2020-08-29
"903","United Kingdom","England",287502,0,36849,2020-08-29
"904","United Kingdom","Falkland Islands (Malvinas)",13,13,0,2020-08-29
"905","United Kingdom","Gibraltar",275,226,0,2020-08-29
"906","United Kingdom","Isle of Man",336,312,24,2020-08-29
"907","United Kingdom","Montserrat",13,12,1,2020-08-29
"908","United Kingdom","Northern Ireland",7138,0,560,2020-08-29
"909","United Kingdom","Scotland",20195,0,2494,2020-08-29
"910","United Kingdom","Turks and Caicos Islands",490,148,3,2020-08-29
"911","United Kingdom","Unknown",0,0,0,2020-08-29
"912","United Kingdom","Wales",17917,0,1595,2020-08-29
"913","United Kingdom","Anguilla",3,3,0,2020-08-30
"914","United Kingdom","Bermuda",169,153,9,2020-08-30
"915","United Kingdom","British Virgin Islands",47,8,1,2020-08-30
"916","United Kingdom","Cayman Islands",205,202,1,2020-08-30
"917","United Kingdom","Channel Islands",625,545,48,2020-08-30
"918","United Kingdom","England",288989,0,36850,2020-08-30
"919","United Kingdom","Falkland Islands (Malvinas)",13,13,0,2020-08-30
"920","United Kingdom","Gibraltar",285,228,0,2020-08-30
"921","United Kingdom","Isle of Man",336,312,24,2020-08-30
"922","United Kingdom","Montserrat",13,12,1,2020-08-30
"923","United Kingdom","Northern Ireland",7187,0,560,2020-08-30
"924","United Kingdom","Scotland",20318,0,2494,2020-08-30
"925","United Kingdom","Turks and Caicos Islands",505,148,3,2020-08-30
"926","United Kingdom","Unknown",0,0,0,2020-08-30
"927","United Kingdom","Wales",17973,0,1595,2020-08-30
